"1","Абрикос консервированный","0.5","0","21","86"
"2","Абрикосы","0.9","0.1","9","40.5"
"3","Авокадо","1.9","19.5","1.9","190.7"
"4","Агар пищевой","4","0","76","320"
"5","Аджика перечная грузинская","1","0","3","16"
"6","Айва","0.6","0.5","7.9","38.5"
"7","Айран кисломолочный","2.8","3.2","4.1","56.4"
"8","Акула катран","19.9","7","0","142.6"
"9","Алыча","0.2","0","6.4","26.4"
"10","Ананас","0.4","0.2","11.5","49.4"
"11","Ананас консервированный","0.4","0.2","15.5","65.40000000000001"
"12","Анчоус атлантический свежий","20.1","6.1","0","135.3"
"13","Анчоус консервированный в масле","25.2","10","0","190.8"
"14","Апельсин","0.9","0.2","8.1","37.8"
"15","Арбуз","0.7","0.2","8.800000000000001","39.8"
"16","Артишоки","1.2","0.1","6","29.7"
"17","Багет для французского хот-дога, 185 мм","7.9","0.9","49.2","236.5"
"18","Багет французский","9","1.9","56.1","277.5"
"19","Баклажаны","1.2","0.1","5.1","26.1"
"20","Баклажаны жареные","1.92","10.14","8.44","132.7"
"21","Баклажаны маринованные","1.31","8.470000000000001","6.04","105.63"
"22","Балык Маслянной рыбы х/к","20.4","12.5","0","194.1"
"23","Балык Палтуса х/к","21.6","10.1","0","177.3"
"24","Балык осетровый вяленый (провесной)","21.6","10.1","0","177.3"
"25","Балык осетровый холодного копчения","20.4","12.5","0","194.1"
"26","Балык сома провесной (спинка)","21.6","10.1","0","177.3"
"27","Балык толстолоба провесной (спинка)","21.6","10.1","0","177.3"
"28","Бамия свежая","2.8","1","3","32.2"
"29","Бананы","1.5","0.1","21","90.90000000000001"
"30","Барабулька тушка с/м","18.5","0.9","0","82.09999999999999"
"31","Барабулька филе с/м","18.5","0.9","0","82.09999999999999"
"32","Баранина Мякоть","17","14.4","0","197.6"
"33","Баранина задняя нога на кости","17","14.4","0","197.6"
"34","Баранина корейка (Каре молодого барашка)","15.9","21.5","0","257.1"
"35","Баранина легкое","15.6","2.3","0","83.09999999999999"
"36","Баранина печень","18.7","2.9","0","100.9"
"37","Баранина сердце","13.5","3.5","0","85.5"
"38","Баранки простые","10.4","1.3","64.09999999999999","309.7"
"39","Бастурма в специях","20","6","3","146"
"40","Батон нарезной","7.7","3","49.8","257"
"41","Бекон с прослойками жира","15.8","23.6","0","275.6"
"42","Бестер (или севрюга) непотрошенный","16.4","10.9","0","163.7"
"43","Бехеровка Настойка","0","0","0","0"
"44","Бисквит (по типовой рецептуре)","6.3","27.2","52.4","479.6"
"45","Бисквит из петрушки п/ф","5.6","0.6","77.97","339.6799999999999"
"46","Бисквит п/ф","7.73","3.46","54.64","280.62"
"47","Бисквитный рулет п/ф","3.29","1.3","65.92","288.54"
"48","Бифштекс п/ф","16.19","1.97","9.029999999999999","118.61"
"49","Блин п/ф","4.35","4.42","21.88","144.7"
"50","Блинчик п/ф","4.34","4.43","21.88","144.75"
"51","Блинчики (оболочка) п/ф для фарширования (№ 3.7)","6.72","3.08","27.9","166.2"
"52","Блинчики (оболочка), 1кг готового выхода","6.71","3.08","27.9","166.16"
"53","Блины обыкновенные","6.63","8.619999999999999","32.81","235.34"
"54","Блины фаршированные с/м","11.1","7.76","17.5","184.24"
"55","Брусника","0.7","0.5","8","39.3"
"56","Брусника, протертая с сахаром п/ф","0.34","0.24","19.94","83.28"
"57","Буженина с морковью","17.05","34.17","0.86","379.17"
"58","Буженина с черносливом","16.5","33.71","6.02","393.47"
"59","Булочка Чили 125*125 мм","8.5","4","48","262"
"60","Булочка бутербродная п/ф","8.82","3","60.48","304.2"
"61","Булочка городская (мука пшеничная высшего сорта)","7.7","2.4","52.1","260.8"
"62","Булочка для гамбургера 100 мм","7.8","3.8","49.9","265"
"63","Булочка для гамбургера с кунжутом 100 мм","8.9","5.4","45.7","267"
"64","Булочка для гамбургера с кунжутом 125 мм","8.9","5.4","45.7","267"
"65","Булочка для гамбургеров","9.1","5","48.8","276.6"
"66","Булочка для датского хот-дога с кунжутом","8.9","5.4","45.7","267"
"67","Булочка пшеничная с кунжутом п/ф","8.57","4.85","50.85","281.33"
"68","Булочка с солодом и кориандром п/ф","6.8","1.3","40.7","201.7"
"69","Булочка сдобная","7.9","9.4","54.8","335.4"
"70","Булочка французская п/ф","7.7","2.4","52.1","260.8"
"71","Бульон куриный","0","0","0","0"
"72","Бульон мясной","0","0","0","0"
"73","Бульон мясо - костный","0","0","0","0"
"74","Бульон рыбный","0","0","0","0"
"75","Бульон сухой говяжий","16.8","9.199999999999999","0","150"
"76","Бульон сухой грибной","13.5","17.3","11.6","256.1"
"77","Бульон сухой куриный","15.4","15.4","9.9","239.8"
"78","Бульон сухой овощной","13.5","17.3","11.6","256.1"
"79","Бульон сухой рыбный","15.4","15.4","9.9","239.8"
"80","Валован из слоеного теста п/ф","8.300000000000001","19.7","43.3","383.6999999999999"
"81","Вареники с картофелем п/ф (№ 672 по СТН)","4.8","3.22","30.75","171.18"
"82","Варенье из айвы","0.4","0","68.7","276.4"
"83","Варенье из груш","0.4","0","70.90000000000001","285.2"
"84","Варенье из клубники","0.3","0","70.90000000000001","284.8"
"85","Варенье из малины","0.6","0","71.2","287.2"
"86","Варенье из персиков","0.5","0","64.3","259.2"
"87","Варенье из сливы","0.4","0","73.40000000000001","295.2"
"88","Васаби готовый","17.1","8.199999999999999","9.699999999999999","181"
"89","Васаби готовый","5.92","3.86","23.42","152.1"
"90","Васаби порошок","14.5","9.470000000000001","57.4","372.83"
"91","Вафли домашние п/ф","5.88","28.25","49.16","474.41"
"92","Вафли с жиросодержащими начинками","3.4","30.2","64.7","544.2"
"93","Вафли с фруктовыми начинками","3.2","2.8","80.09999999999999","358.4"
"94","Вермишель бобовая Фунчеза","10.1","0","74.5","338.4"
"95","Вермут сладкий","0","0","15.9","63.6"
"96","Ветчина Пармская безкостная","14.3","25.6","0","287.6"
"97","Ветчина особая","17.6","6.2","0","126.2"
"98","Вино белое сухое","0.1","0","0.6","2.8"
"99","Вино красное крепленое","0.1","0","12","48.4"
"100","Вино красное сухое","0.1","0","0.2","1.2"
"101","Виноград","0.6","0.2","15","64.2"
"102","Виноград маринованный","0.6","0.2","15","64.2"
"103","Виски","0","0","0","0"
"104","Вишня","0.8","0.5","10.3","48.90000000000001"
"105","Вишня в коньяке п/ф","0.48","0.3","26.14","109.18"
"106","Вишня коктейльная в сиропе","0.2","0.1","60.1","242.1"
"107","Вобла каспийская вяленая","46.4","5.5","0","235.1"
"108","Вода минеральная Нарзан","0","0","0","0"
"109","Вода минеральная газированная","0","0","0","0"
"110","Вода питьевая","0","0","0","0"
"111","Водка","0","0","0","0"
"112","Водоросли Нори","40.5","0.41","28","277.69"
"113","Воздушный полуфабрикат","2.92","0","95.91","395.32"
"114","Галеты из муки высшего сорта","9.699999999999999","10.2","68.40000000000001","404.2"
"115","Гель зеркальный нейтральный","0","0","64","256"
"116","Глазурь","3.5","35","57","557"
"117","Глутомат натрия (Аджино - мото)","0","0","0","0"
"118","Говядина Брезаола (сыровяленная)","20","6","3","146"
"119","Говядина Легкое","15.2","4.7","0","103.1"
"120","Говядина Мраморная (Рибай)","18.9","10.5","0","170.1"
"121","Говядина Мякоть ","20.3","2.6","0","104.6"
"122","Говядина Хвосты","20.3","2.6","0","104.6"
"123","Говядина Яйца","17.9","3.7","0","104.9"
"124","Говядина в специях п/ф","27.41","4.91","0","153.83"
"125","Говядина вырезка","20.2","2.8","0","106"
"126","Говядина маринованная для пиццы","18.68","7.31","0.5","142.51"
"127","Говядина мозги","11.7","8.6","0","124.2"
"128","Говядина печень","17.9","3.7","0","104.9"
"129","Говядина почки","15.2","2.8","0","86"
"130","Говядина сердце","16","3.5","0","95.5"
"131","Говядина сыровяленная","20","6","3","146"
"132","Голубика","1","0","7","32"
"133","Голубцы из пекинской капусты","1.48","0.13","4.17","23.77"
"134","Голубцы мясные п/ф пром. производства","12.87","1.34","6.88","91.06"
"135","Горбуша консервированная в с/соку","20.9","5.8","0","135.8"
"136","Горбуша свежая потрошенная с головой","21","7","0","147"
"137","Горбуша соленая потрошенная с головой","22.1","9","0","169.4"
"138","Горох","20.5","2","48.6","294.4"
"139","Горох лущеный","23","1.6","50.8","309.6"
"140","Горошек зеленый консервированный","3.1","0.2","6.5","40.2"
"141","Горошек зеленый свежий","5","0.2","12.8","73"
"142","Горчица Диженская","0","1","5","29"
"143","Горчица готовая","7.1","8.199999999999999","9.699999999999999","141"
"144","Горчица зернистая","7.1","8.199999999999999","9.699999999999999","141"
"145","Горчица п/ф","13.09","8.619999999999999","6.78","157.06"
"146","Горчичный порошок","37.1","11.1","5.9","271.9"
"147","Гранат","0.9","0","11.2","48.4"
"148","Гребешок морской с/м","16.7","1.1","0","76.7"
"149","Грейпфрут","0.9","0.2","6.5","31.4"
"150","Гречневая ядрица","12.6","3.3","62.1","328.5"
"151","Грибы Белые свежие","3.7","1.7","1.1","34.5"
"152","Грибы Белые сушеные","20.1","4.8","7.6","154"
"153","Грибы Вешенки","4.3","1","0.1","26.6"
"154","Грибы Грузди маринованные","1","1.8","0","20.2"
"155","Грибы Грузди свежие","1.8","0.8","0.5","16.4"
"156","Грибы Лисички маринованные","1","0.7","2","18.3"
"157","Грибы Лисички свежие","1.6","1.1","1.5","22.3"
"158","Грибы Маслята маринованные","2.3","0.14","1.1","14.86"
"159","Грибы Маслята свежие","2.4","0.7","0.5","17.9"
"160","Грибы Опята маринованные п/ф","3.52","3.97","1.18","54.53"
"161","Грибы Опята свежие","2.2","1.2","0.5","21.6"
"162","Грибы Сморчки свежие","2.9","0.4","0.2","16"
"163","Грибы Трюфеля черные","3","0.5","2","24.5"
"164","Грибы Шампиньоны маринованные","5.84","1.36","0.14","36.16"
"165","Грибы Шампиньоны свежие","4.3","1","0.1","26.6"
"166","Грибы Шиитаке сушеные","19.3","22.4","3.7","293.6"
"167","Грибы Шитаке маринованные п/ф","3.52","3.97","1.18","54.53"
"168","Грибы в сметанном соусе","5.32","25.23","4.71","267.19"
"169","Грибы жареные (вешенки)","6.61","20.49","0.13","211.37"
"170","Грибы маринованные (вешенки)","4.62","1.07","0.09","28.47"
"171","Грибы опята маринованные","2.9","0.2","7","41.4"
"172","Грибы сушеные (Ассорти)","20.1","4.8","7.6","154"
"173","Грибы устричные свежие или с/м","4.3","1","0.1","26.6"
"174","Грибы шампиньоны маринованные","2.9","0.2","7","41.4"
"175","Грудинка копченая п/ф","15.88","22.39","0","265.03"
"176","Грудинка свиная копчено-запеченная","10","52.7","0","514.3"
"177","Груша в сиропе","0.2","0","14.9","60.4"
"178","Груша свежая","0.4","0.3","9.5","42.3"
"179","Груша сушеная","2.3","0","49","205.2"
"180","Гусь целый (обработанная тушка 1 категории)","15.2","39","0","411.8"
"181","Джем из абрикосов","0.5","0","68.8","277.2"
"182","Джем из клубники","1","1","63","265"
"183","Джем из малины","1","1","56.8","240.2"
"184","Джем из мандаринов","0.3","0","67.8","272.4"
"185","Джем из черной смородины","0.6","0","68.2","275.2"
"186","Дорада тушки с/м","17.7","1.8","0","87"
"187","Драже сахарное","0","0","98","392"
"188","Дрожжи прессованные","12.7","2.7","0","75.09999999999999"
"189","Дрожжи сухие","35.6","1.5","3.5","169.9"
"190","Дыня","0.6","0","9.1","38.8"
"191","Ежевика","2","0","4.4","25.6"
"192","Желатин листовой","85","0.5","0","344.5"
"193","Желатин пищевой","87.2","0.4","0.7","355.2"
"194","Жир бараний (Курдючный)","1.4","92.8","0","840.8"
"195","Жир говяжий","0","99.7","0","897.3000000000001"
"196","Жир гусиный","0","99.7","0","897.3000000000001"
"197","Жир кондитерский для шоколадных изделий, конфет и пищевых концентратов","0","99.7","0","897.3000000000001"
"198","Жир свиной","0","99.7","0","897.3000000000001"
"199","Жировая сетка (Прятине)","1.4","95.8","0","867.8"
"200","Жульен куриный с грибами (№ 3.132)","20.59","4.87","1.17","130.87"
"201","Жульен куриный с сыром (№ 3.133)","24.12","11.46","1.12","204.1"
"202","Заправка бальзамическая п/ф","0.18","56.58","9.31","547.1799999999999"
"203","Заправка универсальная для овощных салатов","0","75.72","9.08","717.8000000000001"
"204","Зелень Кинза (Кориандр)","2.57","0.37","4.8","32.81"
"205","Зелень Мята перечная","3.8","0.7","5.3","42.7"
"206","Зелень Орегано","2.57","0.37","4.8","32.81"
"207","Зелень Петрушка","3.7","0.4","8","50.4"
"208","Зелень Розмарин","2.57","0.37","4.8","32.81"
"209","Зелень Руккола","2.57","0.37","4.8","32.81"
"210","Зелень Салат","1.5","0.2","2.3","17"
"211","Зелень Тимьян","2.57","0.37","4.8","32.81"
"212","Зелень Укроп","2.5","0.5","4.1","30.9"
"213","Зелень Эстрагон (Тархун)","2.57","0.37","4.8","32.81"
"214","Зелень базилик","2.57","0.37","4.8","32.81"
"215","Зелень бамбуковый лист","2.57","0.37","4.8","32.81"
"216","Земляника (садовая)","0.8","0.4","6.3","32"
"217","Зефир","0.8","0","78.3","316.4"
"218","Изюм","1.8","0","66","271.2"
"219","Икра Белужья зернистая","27.2","14.2","0","236.6"
"220","Икра Лососевая (Кеты)","31.6","13.8","0","250.6"
"221","Икра Осетровая зернистая","28.9","9.699999999999999","0","202.9"
"222","Икра из баклажан (пром. производства)","1.7","13.3","5.09","146.86"
"223","Икра из кабачков (пром. производства)","2","9","8.539999999999999","123.16"
"224","Икра летучей рыбы зеленая (Вассабико)","18.1","30.1","38.7","498.1"
"225","Икра летучей рыбы оранжевая (Тобико)","32.6","16.6","0.2","280.6"
"226","Икра минтаевая пробойная","28.4","1.9","0","130.7"
"227","Имбирь маринованный (для роллов, суши)","0.4","0.3","2.8","15.5"
"228","Индейка Филе грудки с/м","24.4","0.8","0","104.8"
"229","Индейка целая (тушка 1 категории)","19.5","22","0","276"
"230","Инжир","0.7","0.2","11.2","49.39999999999999"
"231","Инжир сушеный","3.6","1.6","52.9","240.4"
"232","Ирис полутвердый","3.3","7.5","81.8","407.9"
"233","Йогурт 1,5% жирности","5","1.5","3.5","47.5"
"234","Йогурт 1,5% жирности сладкий","5","1.5","8.5","67.5"
"235","Йогурт 3,2% жирности","5","3.2","3.5","62.8"
"236","Йогурт 3,2% жирности сладкий","5","3.2","8.5","82.8"
"237","Йогурт 6% жирности","5","6","3.5","88"
"238","Йогурт 6% жирности сладкий","5","6","8.5","108"
"239","Кабачки","0.6","0.3","4.9","24.7"
"240","Кабачки маринованные с морковью","0.8100000000000001","8.630000000000001","5.92","104.59"
"241","Какао порошок","24.2","17.5","27.9","365.9"
"242","Кальмар Банно - Монго","9.1","0.5","8.6","75.3"
"243","Кальмар филе с кожицей с/м","18","4.2","0","109.8"
"244","Камбала азово-черноморская неразделанная","18.2","1.3","0","84.5"
"245","Каперсы маринованные","2.36","0.86","1.69","23.94"
"246","Капуста Квашеная (по - Гурийски)","1.8","0.1","5.06","28.34"
"247","Капуста Маринованная п/ф","1.75","0.1","4.95","27.7"
"248","Капуста Пекинская (Китайская)","1.8","0.1","4.7","26.9"
"249","Капуста белокочанная","1.8","0.1","4.7","26.9"
"250","Капуста белокочанная квашенная","1.8","0","2.2","16"
"251","Капуста брокколи","4.4","0.9","1.8","32.9"
"252","Капуста брюссельская свежемороженая","4.8","0","5.9","42.8"
"253","Капуста квашеная","1.71","0.1","4.47","25.62"
"254","Капуста пекинская маринованная","1.8","0.1","4.7","26.9"
"255","Капуста по - грузински п/ф","1.8","0.1","4.7","26.9"
"256","Капуста по - корейски","2.66","4.14","9.93","87.62"
"257","Капуста савойская","1.8","0.1","4.7","26.9"
"258","Капуста тушеная","2.34","2.43","8.08","63.55"
"259","Капуста цветная","2.5","0.3","4.5","30.7"
"260","Карамель","0","0.1","95.7","383.7"
"261","Карась речной","17.7","1.8","0","87"
"262","Карбонат копченый (корейка сырокопченая)","10.5","47.4","0","468.6"
"263","Карбонат копченый п/ф","14.34","29.71","0","324.75"
"264","Карп, сазан","17.2","5.3","0","116.5"
"265","Картофель","2","0.4","16.3","76.8"
"266","Картофель п/ф мороженный (Фри, дольки, розочки, крокеты...)","2.5","5","22.5","145"
"267","Картофельное пюре сухое","5.6","0.2","79.09999999999999","340.6"
"268","Каштаны","2","2.7","36.6","178.7"
"269","Квас хлебный","0.2","0","5","20.8"
"270","Кетчуп томатный","1.6","0.1","28.6","121.7"
"271","Кефир жирный","2.8","3.2","4.1","56.4"
"272","Кефир нежирный","3","0.05","3.8","27.65"
"273","Киви","1.1","0.5","10.6","51.3"
"274","Килька балтийская соленая","17.1","7.6","0","136.8"
"275","Кислота лимонная","0","0","0","0"
"276","Клыкач х/к (балык)","22.1","9","0","169.4"
"277","Клюква","0.5","0","3.8","17.2"
"278","Кляр из мучной смеси Оттоги","3.14","0","35.92","156.24"
"279","Кляр пивной п/ф","5.58","2.11","24.22","138.19"
"280","Кокосовая стружка","5.6","62","6.4","606"
"281","Кокосовое молоко","0.3","0.3","4.9","23.5"
"282","Колбаса Вареная Говяжья","15","11.7","0","165.3"
"283","Колбаса Вареная Докторская","12.8","22.2","1.5","257"
"284","Колбаса Вареная Молочная","11.7","22.8","0","252"
"285","Колбаса Варено-копченая Сервелат","16.1","40.1","0","425.3000000000001"
"286","Колбаса Полукопченая Краковская","16.2","44.6","0","466.2"
"287","Колбаса Полукопченая Охотничьи колбаски","25.7","40","0","462.8"
"288","Колбаса Салями","20.9","39.2","0.5","438.4"
"289","Колбаса Салями Милано","20.9","39.2","0.5","438.4"
"290","Колбаса Сырокопченая Московская","24.8","41.5","0","472.7"
"291","Колбаса Сырокопченая Сервелат","24","40.5","0","460.5"
"292","Колбаска белая н/о Улитка","9","35","0","351"
"293","Колбаски Вайсвурст для жарки","9","25","0","261"
"294","Колбаски куриные п/ф","21.31","8.380000000000001","0.24","161.62"
"295","Колбаски п/ф","10.45","32.61","0","335.29"
"296","Конфеты M&M","5.4","17.5","73.90000000000001","474.7"
"297","Конфеты Рафаэлло","6.4","34.6","54.6","555.4000000000001"
"298","Конфеты Шоколадные с комбинированными корпусами (Глазированные шоколадом)","3.9","14.6","69.7","425.8000000000001"
"299","Конфеты Шоколадные с пролиновыми корпусами (Глазированные шоколадом)","4.8","34.7","57.6","561.9"
"300","Конфеты Шоколадные с шоколадно-ореховыми корпусами (Глазированные шоколадом)","6.4","34.6","54.6","555.4000000000001"
"301","Конфеты помадные","2.2","4.6","83.59999999999999","384.6"
"302","Конфитюр, джем","0","0","33","132"
"303","Коньяк (бренди)","0","0","0","0"
"304","Коппа (Сыровяленная свиная шейка)","8.9","63.3","0","605.3"
"305","Копченая говядина в специях п/ф","27.96","3.01","0","138.93"
"306","Корейка свиная копчено-запеченная без кости ","10.2","48.2","0","474.6"
"307","Корж вафельный","7.8","4.8","57.5","304.4"
"308","Корж для пиццы","8.039999999999999","8.1","43.18","277.78"
"309","Корж для пиццы, сырой","7.8","4.8","57.5","304.4"
"310","Корзиночка (тарталетка) из песочного теста сладкая","7.5","11.8","74.40000000000001","433.8"
"311","Корзиночка п/ф","7.6","30.27","43.13","475.35"
"312","Корнишоны маринованные","0.8","0.1","1.6","10.5"
"313","Косуля мясо","21.1","6","0","138.4"
"314","Кофе натуральный обжаренный","13.9","14.4","2.8","196.4"
"315","Кофе растворимый","14.6","0","4.5","76.40000000000001"
"316","Кофе эспрессо 1л","0","0","0","0"
"317","Краб камчатский (ножки в панцире) в/м","16","3.6","0","96.40000000000001"
"318","Краб камчатский в/м (мякоть)","16","3.6","0","96.40000000000001"
"319","Краб консервированный","18.7","1.1","0.1","85.10000000000001"
"320","Крабовые палочки (Сурими)","10","0.4","6.6","70"
"321","Красный соус к блюдам на гриле (мангале) п/ф","2.54","0.02","11.13","54.86000000000001"
"322","Крахмал картофельный","0.1","0","79.59999999999999","318.8"
"323","Крахмал кукурузный","1","0.6","85.2","350.2"
"324","Креветки  Гигантские с/м","18.9","2.2","0","95.39999999999999"
"325","Креветки 90/120 варено-мороженные","20.6","1.7","0","97.7"
"326","Креветки Королевские в/м","20.6","1.7","0","97.7"
"327","Креветки антарктические консервированные","17.8","1.1","0","81.10000000000001"
"328","Креветки в/м очищенные","20.6","1.7","0","97.7"
"329","Креветки тигровые 16/20 с/м","68.40000000000001","1.2","0","284.4"
"330","Креветки тигровые без головы","18.9","2.2","0","95.39999999999999"
"331","Крекеры из муки высшего сорта","9.199999999999999","14.1","66.09999999999999","428.1"
"332","Крем для булочки сладкоежки","3.4","36.78","34.52","482.7"
"333","Кролик ножки","21.1","11","0","183.4"
"334","Кролик тушка","21.1","11","0","183.4"
"335","Круассан без наполнителя","8.300000000000001","19.7","43.3","383.6999999999999"
"336","Крыжовник","0.7","0.2","9.1","40.99999999999999"
"337","Кукуруза в початках","4.2","2.3","19.6","115.9"
"338","Кукуруза в початках консервированная","2.2","0.4","11.2","57.2"
"339","Кукуруза целыми зернами консервированная","2.2","0.4","11.2","57.2"
"340","Кукурузные хлопья Corn Flakes","7.9","0.9","89.59999999999999","398.1"
"341","Кулич пасхальный выпеченный без отделки п/ф","7.31","20.12","44.01","386.36"
"342","Кунжут (семена)","19.4","48.7","12.2","564.7"
"343","Кунжут обжаренный черный","20.3","54.2","18.5","643"
"344","Купаты с/м","9","25","0","261"
"345","Курага (Абрикосы без косточки)","5.2","0","55","240.8"
"346","Куриная грудка запеченная для салата","28.44","1.78","0.54","131.94"
"347","Куриная грудка запеченная со специями","25.07","5.87","0.59","155.47"
"348","Куриная грудка копченая без кости","29.52","1.85","0.5600000000000001","136.97"
"349","Куриная грудка обжаренная для салата","29.5","1.85","0.5600000000000001","136.89"
"350","Куриные кости, обрезь","18.2","0","0","72.8"
"351","Куриный рулет с сыром","26.19","12.36","0.12","216.48"
"352","Куры Грудка с костью, свежемороженная","23.6","1.9","0.4","113.1"
"353","Куры Мышечный желудок (цыплят бройлеров)","20.7","4","0.8","122"
"354","Куры Мякоть без кости","21.3","11","0.1","184.6"
"355","Куры Окорочка","21.3","11","0.1","184.6"
"356","Куры Печень (цыплят бройлеров)","20.6","3.7","1.5","121.7"
"357","Куры Сердце","15.8","10.3","0.8","159.1"
"358","Куры Филе грудки","23.6","1.9","0.4","113.1"
"359","Куры Цыпленок корнишон","18.2","18.4","0.7","241.2"
"360","Куры крылышки","21.3","11","0.1","184.6"
"361","Куры целые (тушки 1 категории)","18.2","18.4","0.7","241.2"
"362","Кус кус","13","2","72","358"
"363","Лаваш армянский, тонкий","9.1","1.1","56","270.3"
"364","Лайм","0.9","0.1","3","16.5"
"365","Лакедра (Желтохвост) филе с/м","12","7","0","111"
"366","Лангустины с/м","16","3.6","0","96.40000000000001"
"367","Лапша гречневая","14.7","0.85","70.5","348.45"
"368","Лапша домашняя п/ф","11.33","5.56","39.67","254.04"
"369","Лапша яичная","12.1","8.199999999999999","71.7","409"
"370","Лед пищевой","0","0","0","0"
"371","Лепешка Тортилья пшеничная","7","7.7","47.2","286.1"
"372","Лещ каспийский крупный и средний вяленый","42","5.9","0","221.1"
"373","Лещ свежий неразделанный","17.1","4.1","0","105.3"
"374","Ликер Амаретто","0","0","27.2","108.8"
"375","Ликер Бейлиз","0","16.1","22.8","236.1"
"376","Ликер Калуа","0","0","48","192"
"377","Ликер Куантро","0","0","24.4","97.59999999999999"
"378","Ликер Малибу","0","0","20","80"
"379","Ликер Самбука","0","0","35","140"
"380","Ликер Сохо (из плодов личи)","0","0","32.8","131.2"
"381","Ликеры фруктовые Мари Бризар","0","0","32.8","131.2"
"382","Лимон","0.9","0.1","3","16.5"
"383","Личи плоды свежие","0.9","0.1","14.3","61.7"
"384","Лосось консервированный в с/с","23.5","6.6","0","153.4"
"385","Лосось свежий (филе с кожей)","20.2","11","0","179.8"
"386","Лосось слабосоленый хол. копчения (филе с кожей)","25.4","4.5","0","142.1"
"387","Лосось соленый п/ф","20.2","11","0","179.8"
"388","Лосось тушка потрошенная с головой","20.2","11","0","179.8"
"389","Лук Сибулет","1.3","0","3.5","19.2"
"390","Лук зеленый (перо)","1.3","0","3.5","19.2"
"391","Лук маринованный","1.36","0","11.74","52.4"
"392","Лук маринованный для пиццы","1.4","0","9.1","42"
"393","Лук пассерованный","2.47","9.99","16.38","165.31"
"394","Лук порей","2","0","6.5","34"
"395","Лук репчатый","1.4","0","9.1","42"
"396","Лук шалот","1.5","0.2","3.3","21"
"397","Луковые кольца в панировке","4","10.5","32","238.5"
"398","Люля - кебаб мясной п/ф пром. производства","16.11","32.11","2.28","362.55"
"399","Лягушачьи лапки (Китай)","16","0","0","64"
"400","Майонез Провансаль","2.8","67","2.7","625"
"401","Майонез высокой жирности","1.2","78","1.4","712.4"
"402","Мак (семена)","17.5","47.5","2","505.5"
"403","Макаронные изделия I сорта","10.7","1.3","68.40000000000001","328.1"
"404","Макаронные изделия высшего сорта","10.4","1.1","69.7","330.3"
"405","Макароны Каннелоне (Италия)","10.4","1.1","69.7","330.3"
"406","Макароны Пенне (Италия)","10.4","1.1","69.7","330.3"
"407","Макароны Спагетти (Италия)","10.4","1.1","69.7","330.3"
"408","Макароны Спагетти с чернилами каракатицы (Италия)","10.4","1.1","69.7","330.3"
"409","Макароны Тальятелле (Италия)","10.4","1.1","69.7","330.3"
"410","Макароны Фетуччини","10.4","1.1","69.7","330.3"
"411","Макароны Фузилли (Италия)","10.4","1.1","69.7","330.3"
"412","Малина","0.8","0.3","8.300000000000001","39.10000000000001"
"413","Манго","0.7","0.2","14.1","60.99999999999999"
"414","Манго консервированное (дольки)","0.7","0.2","14.1","60.99999999999999"
"415","Мандарин","0.8","0.3","8.1","38.3"
"416","Манная крупа","10.3","1","67.7","321"
"417","Маракуйя","2.6","0.4","5.8","37.2"
"418","Маргарин жидкий Rama Comby Profi","0","38.4","0.5","347.6"
"419","Маргарин сливочный","0.3","82","1","743.2"
"420","Маринад базовый","0","0","4.09","16.36"
"421","Маринад для разносолов п/ф (Холодный)","0","0","4.09","16.36"
"422","Маринад универсальный для грибов","0.73","45.95","2.67","427.15"
"423","Маринад универсальный для мяса","1.19","22.9","6.07","235.14"
"424","Маринад универсальный на 1 кг мяса","1.2","22.94","5.99","235.22"
"425","Мармелад желейный формовой","0","0.1","77.7","311.7"
"426","Марципан пром. производства","5.3","12.7","67.59999999999999","405.9"
"427","Маслины без косточки консервированные","1.8","16.3","5.2","174.7"
"428","Маслины с косточкой гигантские консервированные","1.8","16.3","5.2","174.7"
"429","Маслины с косточкой консервированные","1.8","16.3","5.2","174.7"
"430","Масло арахисовое нерафинированное","0","92","0","828"
"431","Масло грецкого ореха нерафинированное","0","92","0","828"
"432","Масло для гриля п/ф","0.02","79.92","0.04","719.52"
"433","Масло кунжутное нерафинированное","0","92","0","828"
"434","Масло оливковое Extra Virgin","0","92","0","828"
"435","Масло оливковое рафинированное","0","99.90000000000001","0","899.1"
"436","Масло оливковое с ароматом трюфеля","0","92","0","828"
"437","Масло подсолнечное нерафинированное","0","92","0","828"
"438","Масло подсолнечное рафинированное","0","99.90000000000001","0","899.1"
"439","Масло сливочное несоленое","0.5","82.5","0.8","747.7"
"440","Масло топленое","0.3","98","0.6","885.6"
"441","Масло чесночное п/ф","2.16","66.63","1.73","615.2299999999999"
"442","Масляная рыба","18.8","4.2","0","113"
"443","Масса творожная или сырки творожные","7.1","23","27.5","345.4"
"444","Мастика сахарная белая","0","1","96","393"
"445","Мед натуральный","0.8","0","80.3","324.4"
"446","Мидии в раковине","9.1","1.5","0","49.9"
"447","Микс Венский","12.2","6.6","60.8","351.4"
"448","Миндаль в сливочной карамели п/ф","5.04","39.19","47.48","562.79"
"449","Минтай с/м разделанный обезглавленный","15.9","0.9","0","71.7"
"450","Мирин","2","0.2","24.1","106.2"
"451","Мисо - паста","8.199999999999999","4.3","20.2","152.3"
"452","Мицукан Уксус","0","0","50","200"
"453","Мойва свежая","13.1","7.1","0","116.3"
"454","Моллюск рапана свежий","16.7","1.1","0","76.7"
"455","Молоки рыбные (Кета)","16.3","1.2","0","76"
"456","Молоко пастеризованное 1,5% жирности","2.85","1.5","4.78","44.02"
"457","Молоко пастеризованное 2,5% жирности","2.82","2.5","4.73","52.7"
"458","Молоко пастеризованное 3,2% жирности","2.8","3.2","4.7","58.8"
"459","Молоко пастеризованное 3,5% жирности","2.79","3.5","4.69","61.42"
"460","Молоко сгущенное с сахаром","7.2","8.5","56","329.3"
"461","Молоко сгущеное вареное","7.2","8.5","56","329.3"
"462","Молоко сухое цельное","26","25","37.5","479"
"463","Морковь корейская п/ф","1.22","8.130000000000001","8.890000000000001","113.61"
"464","Морковь маринованная","1.3","0.1","7.2","34.9"
"465","Морковь молодая с/м очищенная","1.3","0.1","7.2","34.9"
"466","Морковь по - корейски","1.18","8.460000000000001","6.55","107.06"
"467","Морковь столовая свежая","1.3","0.1","7.2","34.9"
"468","Мороженое Пломбир","3.2","15","20.8","231"
"469","Мороженое Пломбир крем-брюле","3","15","23","239"
"470","Мороженое сливочное","3.3","10","19.8","182.4"
"471","Морская капуста","0.9","0.2","0","5.4"
"472","Морской коктейль с/м","15.6","1.5","2.9","87.5"
"473","Морской язык филе с/м","17.4","1.5","0","83.09999999999999"
"474","Мука Пшеничная высшего сорта","10.3","1.1","68.90000000000001","326.7"
"475","Мука Ржаная обдирная","8.9","1.7","60.2","291.7"
"476","Мука кукурузная","7.2","1.5","70.2","323.1"
"477","Мука темпурная","10.3","1.1","68.90000000000001","326.7"
"478","Мусс из баклажанов п/ф","2.88","11.82","14.78","177.02"
"479","Мюсли без сахара","10.5","7.8","67.09999999999999","380.6"
"480","Мясной набор","16.2","44.6","0","466.2"
"481","Наггетсы куриные п/ф","21.19","2.83","8.289999999999999","143.39"
"482","Наггется Куриные в панировке","12.8","16.4","13","250.8"
"483","Наполнитель д/картофеля Брынза с укропом","17.9","20.1","0","252.5"
"484","Наполнитель д/картофеля Крабовое мясо","9.25","8.619999999999999","6.03","138.7"
"485","Наполнитель д/картофеля Курица с сыром","27.62","5.86","0.46","165.06"
"486","Наполнитель д/картофеля Мясной с сыром","12.18","33.6","0.27","352.2"
"487","Наполнитель д/картофеля Опята с луком","2.75","0.18","7.47","42.49999999999999"
"488","Наполнитель д/картофеля Сельдь с луком","15.44","7.65","1.17","135.29"
"489","Начинка Мак","7","19","15.77","262.08"
"490","Начинка Наслаждение (№ 3.128)","5.64","14.03","42.83","320.15"
"491","Начинка для полоски","1","1","56.8","240.2"
"492","Начинка для струделя","1.39","9.210000000000001","33.44","222.21"
"493","Начинка овощная для голубцов и перцев","1.86","10.24","11.29","144.76"
"494","Начинка по - Колумбийски (№ 3.129)","8.449999999999999","31.79","25.58","422.23"
"495","Нут","20.1","4.3","46.4","304.7"
"496","Облепиха","0.9","2.5","5","46.1"
"497","Овощная смесь с/м","3.3","0.5","6.6","44.09999999999999"
"498","Овсянная крупа","11","6.1","49.7","297.7"
"499","Овсяные хлопья Геркулес","11","6.2","50.1","300.2"
"500","Огурцы","0.8","0.1","2.6","14.5"
"501","Огурцы квашеные","0.79","0.09","2.44","13.73"
"502","Огурцы малосольные","0.8","0.1","2.6","14.5"
"503","Огурцы соленые","0.8","0.1","1.6","10.5"
"504","Огурчики малосольные с хреном","0.8","0.1","2.6","14.5"
"505","Окорочка куриные копченые","27.8","11.16","0.14","212.2"
"506","Окунь речной","18.5","0.9","0","82.09999999999999"
"507","Оленина 1 категории","19.5","8.5","0","154.5"
"508","Оливки консервированные","1.8","16.3","5.2","174.7"
"509","Оливки фаршированные анчоусом","1.8","16.3","5.2","174.7"
"510","Оливки фаршированные лососем","1.8","16.3","5.2","174.7"
"511","Оливки фаршированные перцем","1.8","16.3","5.2","174.7"
"512","Омар (Лобстер) варено-мороженный","22.1","1.6","0","102.8"
"513","Омлет Классический","8.94","13.53","1.78","164.65"
"514","Омлет японский","11.16","7.75","11.82","161.67"
"515","Орех Арахис ядро","29.2","50.2","10.8","611.8"
"516","Орех Бразильский ядро","14.1","68.2","3.1","682.6"
"517","Орех Грецкий ядро","14.7","68.5","3.3","688.5"
"518","Орех Кедровый ядро","14","68.59999999999999","4","689.4"
"519","Орех Кешью ядро","25.2","53.6","12.6","633.6"
"520","Орех Макадамия ядро соленый","7.9","77.59999999999999","4.8","749.1999999999999"
"521","Орех Миндаль ядро","18.6","57.7","13.6","648.1000000000001"
"522","Орех Пекан ядро","9.199999999999999","70.09999999999999","5.8","690.9"
"523","Орех Фисташки соленые поджаренные","17.9","55.4","8.199999999999999","603"
"524","Орех Фундук ядро","16.1","66.90000000000001","9.9","706.1"
"525","Осетр потрошенный с головой","16.4","10.9","0","163.7"
"526","Осетр филе с кожей без хрящей","16.4","10.9","0","163.7"
"527","Отруби","15.1","3.8","53.8","309.8"
"528","Палтус филе с кожей без костей","18.9","3","0","102.6"
"529","Папайя","0.5","0.1","8.800000000000001","38.1"
"530","Паста Карри","3.92","3.43","14","102.55"
"531","Паста Кимчи","4.5","0.3","18.8","95.90000000000001"
"532","Паста Тахини (из кунжутного семени)","18.5","58.9","0.9","607.7"
"533","Пастернак (корень)","1.4","0","10.5","47.6"
"534","Пастила","0.5","0","80.40000000000001","323.6"
"535","Пекарский порошок","5.2","0","37.8","172"
"536","Пеленгас (кефаль) филе с/м","18.4","1.1","0","83.5"
"537","Пельмени Гедза с креветками (п/ф пром. пр-ва)","14.9","8.48","21.14","220.48"
"538","Пельмени домашние (полуфабрикат) № 663","11.03","6.97","21.42","192.53"
"539","Пельмени п/ф замороженные","11.03","6.97","21.42","192.53"
"540","Пельмени с мясом рыб тресковых пород замороженные","10.14","3.58","22.64","163.34"
"541","Перепелки","18.2","17.3","0.4","230.1"
"542","Перец болгарский (сладкий)","1.3","0","5.3","26.4"
"543","Перец болгарский маринованный","1.3","0","5.3","26.4"
"544","Перец острый свежий","2.9","0.6","0.7","19.8"
"545","Перловая крупа","9.300000000000001","1.1","66.5","313.1"
"546","Персик консервированный","0.3","0","19.9","80.8"
"547","Персики свежие","0.9","0.1","9.5","42.5"
"548","Петрушка (корень)","1.5","0.6","10.5","53.4"
"549","Печень трески","4.2","65.7","1.2","612.9000000000001"
"550","Печенье из пармезана п/ф","55.02","45.14","1.44","632.1"
"551","Печенье сахарное из муки высшего сорта","7.5","11.8","74.40000000000001","433.8"
"552","Пиво светлое","0.3","0","0","1.2"
"553","Пита белая","9.1","1.3","55.1","268.5"
"554","Повидло яблочное","0.4","0","65.3","262.8"
"555","Подлива томатная с луком","3.43","0","16.11","78.16"
"556","Подсолнечник (семена)","20.7","52.9","3.4","572.5"
"557","Полуфабрикаты к пиву Mc Cain (луковые кольца, наггетсы...)","3.8","10","26","209.2"
"558","Помидорчики малосольные","1.1","0.2","3.8","21.4"
"559","Помидоры","1.1","0.2","3.8","21.4"
"560","Помидоры ""Армянчики""","1.1","0.2","3.8","21.4"
"561","Помидоры без кожицы в собственном соку","0.5","0","2.3","11.2"
"562","Помидоры маринованные","1.1","0.2","3.8","21.4"
"563","Помидоры соленые","1.1","0.1","1.6","11.7"
"564","Помидоры черри","1.1","0.2","3.8","21.4"
"565","Помидоры черри маринованные","1.1","0.1","1.6","11.7"
"566","Поросята целые (потрошенные обработанные)","20.6","3","0","109.4"
"567","Посыпка","5.22","21.05","59.65","448.9300000000001"
"568","Премикс Флорентинер (Аналог Бинекса)","1","19","77","483"
"569","Пропитка для торта п/ф","0","0","50.41","201.64"
"570","Простокваша обыкновенная","2.8","3.2","4.1","56.4"
"571","Профитроли с соусом, замороженные","5.5","25.7","24.6","351.7"
"572","Пряники заварные","4.8","2.8","77.7","355.2"
"573","Пшеничная крупа","11.5","3.3","66.5","341.7"
"574","Пюре Boiron Абрикосовое с/м ","0.9","0.1","9","40.5"
"575","Пюре Boiron Кокос с/м ","12.6","61","14.5","657.4"
"576","Пюре Boiron Манго с/м ","0.7","0.2","14.1","60.99999999999999"
"577","Пюре Boiron Маракуйя с/м","2.6","0.4","5.8","37.2"
"578","Пюре Boiron Папайя с/м","0.5","0.1","8.800000000000001","38.1"
"579","Рагу мясное (тушеное рубленное мясо со специями)","14.31","5.92","4.11","126.96"
"580","Разнорыбица (набор для ухи)","19.2","3.5","0","108.3"
"581","Раки средние","16","3.6","0","96.40000000000001"
"582","Ракушки Вонголе с/м","9.1","1.5","0","49.9"
"583","Рассол огуречный","0","0","3","12"
"584","Ревень (черешки)","0.7","0.1","2.5","13.7"
"585","Редис","1.2","0.1","3.8","20.9"
"586","Редька","1.9","0.2","6.5","35.4"
"587","Репа","1.5","0","5.3","27.2"
"588","Рис","7.5","2.6","56.1","277.8"
"589","Рис для суши и роллов п/ф","3.37","1.15","32.04","151.99"
"590","Рис нишики","7.5","2.6","56.1","277.8"
"591","Рис отварной","2.72","0.9399999999999999","20.33","100.66"
"592","Рисовая крупа","7","1","71.40000000000001","322.6"
"593","Роллы из пекинской капусты с морковью","1.75","0.1","5.41","29.54"
"594","Роллы из пекинской капусты со свеклой","1.81","0.1","5.94","31.9"
"595","Ром Баккарди","0","0","0","0"
"596","Ростбиф из телятины с зеленой фасолью","26.31","2.83","0.34","132.07"
"597","Ростбиф из телятины с фисташками","28.88","5.76","0.41","169"
"598","Рулет из сала п/ф","1.44","88.39","0.08","801.59"
"599","Рулет из свинины","23.71","6.62","4.98","174.34"
"600","Рулет из свинины с овощами п/ф","16.14","44.69","0.41","468.41"
"601","Рулет куриный с омлетом","21.87","12.08","0.4","197.8"
"602","Рыбное филе панированное","18.2","4.5","5.3","134.5"
"603","Рыбный бульон Хондаши сухой","4","1","25","125"
"604","Рябина (садовая)","1.4","0.1","8.6","40.9"
"605","Рябина черноплодная","1.5","0.1","10.9","50.5"
"606","Ряженка 6% жирности","3","6","4.1","82.40000000000001"
"607","Савоярди (бисквитные палочки)","6.9","3.8","82","389.8"
"608","Салака копченая","25.4","5.6","0","152"
"609","Салат Айсберг","0.7","0.3","1.9","13.1"
"610","Салат Латук","2.57","0.37","4.8","32.81"
"611","Салат Лолло - Бьянко","2.57","0.37","4.8","32.81"
"612","Салат Лолло - Россо","2.57","0.37","4.8","32.81"
"613","Салат Романо","2.57","0.37","4.8","32.81"
"614","Салат Фризе","2.57","0.37","4.8","32.81"
"615","Салат Чука (готовый, с/м)","2","6","20","142"
"616","Сардельки говяжьи","11.4","18.2","1.5","215.4"
"617","Сардельки свиные","10.1","31.6","1.9","332.4"
"618","Сахар-песок","0","0","99.8","399.2"
"619","Сахар-рафинад","0","0","99.90000000000001","399.6"
"620","Сахарин","0","0","99.90000000000001","399.6"
"621","Сахарная пудра","0","0","99.90000000000001","399.6"
"622","Свекла","1.5","0.1","9.1","43.3"
"623","Свиная лопатка, запеченная со специями","20.31","41.95","0.05","458.99"
"624","Свинина Мякоть","15","27.2","0","304.8"
"625","Свинина вырезка","19.4","7.1","0","141.5"
"626","Свинина корейка","13.7","36.5","0","383.3"
"627","Свинина лопатка (или окорок) на кости","13.7","36.5","0","383.3"
"628","Свинина ножки","23.5","15.6","0","234.4"
"629","Свинина почки","15","3.6","0","92.40000000000001"
"630","Свинина ребра","13.7","36.6","0","384.2"
"631","Свинина рулька (голяшка на кости)","13.7","36.5","0","383.3"
"632","Свинина сыровяленная","8.9","63.3","0","605.3"
"633","Свинина уши","21","14.1","0","210.9"
"634","Сельдерей (зелень)","0","0","2","8"
"635","Сельдерей (корень)","1.3","0.3","6.1","32.3"
"636","Сельдь с/м","17.7","19.5","0","246.3"
"637","Сельдь среднесоленая","17","8.5","0","144.5"
"638","Семга соленая п/ф","20.2","11","0","179.8"
"639","Сибасс (морской волк) тушка","18.2","3.3","0","102.5"
"640","Сироп Monin Ваниль","0","0","63.2","252.8"
"641","Сироп Monin Гренадин","0","0","63.2","252.8"
"642","Сироп Monin Ежевика","0","0","63.2","252.8"
"643","Сироп Monin Кокос","0","0","63.2","252.8"
"644","Сироп Monin Лесной орех","0","0","63.2","252.8"
"645","Сироп Monin Манго","0","0","63.2","252.8"
"646","Сироп Кленовый","0","0","57","228"
"647","Сироп кофейный концентрированный п/ф","0","0","60.88","243.52"
"648","Сироп сахарный для крема  булочки сладкоежки","0","0","59.88","239.52"
"649","Сиропы Monin в ассортименте","0","0","63.2","252.8"
"650","Скумбрия атланстическая х/к обезглавленная","23.4","6.4","0","151.2"
"651","Слива","0.8","0","9.6","41.6"
"652","Сливки взбитые аэрозольные","0.5","25","21","311"
"653","Сливки из коровьего молока 10% жирности","3","10","4","118"
"654","Сливки из коровьего молока 20% жирности","2.8","20","3.7","206"
"655","Сливки из коровьего молока 35% жирности","2.5","35","3","337"
"656","Сливки растительные без сахара","2.6","26","5.1","264.8"
"657","Сливки растительные кондитерские с сахаром","0.7","27","13.5","299.8"
"658","Сливки сухие","23","42.7","26.3","581.5"
"659","Сливочное масло с голубым сыром п/ф","7.13","64.31","0.53","609.4299999999999"
"660","Сливочное масло с зеленью п/ф","0.84","71.01000000000001","1.47","648.33"
"661","Сливочное масло с пармезаном и зеленью п/ф","10.33","44.27","2.05","447.95"
"662","Сливочное масло с сыром для фарширования креветок п/ф","10.15","59.55","0.46","578.39"
"663","Смесь Tempura Batter Mix","5","0.2","80","341.8"
"664","Смесь Деревенская","11.2","2.7","66.2","333.9"
"665","Смесь для карамели Артистико (Изомальт Е 953)","0","0","93","372"
"666","Смесь для кляра Оттоги","7","0","80","348"
"667","Сметана 10% жирности","3","10","2.9","113.6"
"668","Сметана 20% жирности","2.8","20","3.2","204"
"669","Сметана 25% жирности","2.6","25","2.7","246.2"
"670","Сметана 30% жирности","2.4","30","3.1","292"
"671","Сметана 36% жирности","2.4","36","2.6","344"
"672","Сметана 40% жирности","2.4","40","2.6","380"
"673","Смородина красная","0.6","0.2","7.3","33.4"
"674","Смородина черная","1","0.2","7.3","35"
"675","Сода пищевая","0","0","0","0"
"676","Сок Виноградный","0.3","0","13.8","56.40000000000001"
"677","Сок Вишневый","0.7","0","10.2","43.59999999999999"
"678","Сок Гранатовый","0.3","0","14.5","59.2"
"679","Сок Грейпфрутовый","0.3","0","8","33.2"
"680","Сок Лимонный","0.6","0","2.5","12.4"
"681","Сок Мандариновый","0.8","0","9","39.2"
"682","Сок Морковный","1.1","0.1","5.8","28.5"
"683","Сок Персиковый","0.3","0","17","69.2"
"684","Сок Сливовый","0.3","0","16.1","65.60000000000001"
"685","Сок Томатный","1","0","3.5","18"
"686","Сок Черносмородиновый","0.5","0","7.9","33.6"
"687","Сок Яблочный","0.5","0","9.1","38.4"
"688","Сок абрикосовый","0.5","0","13.7","56.8"
"689","Сок ананасовый","0.7","0","12.8","54"
"690","Сок апельсиновый","0.7","0","12.8","54"
"691","Солод","3.7","0","46.3","200"
"692","Соль Морская","0","0","0","0"
"693","Соль поваренная пищевая","0","0","0","0"
"694","Сом","17.2","5.1","0","114.7"
"695","Сосиска Баварская в/с (Девро)","12","30","0","318"
"696","Сосиска Венская в/с (Девро) ""Кнакерс""","12","20","0","228"
"697","Сосиски Молочные","11","23.9","1.6","265.5"
"698","Сосиски говяжьи","10.4","20.1","0.8","225.7"
"699","Соус","3.9","32.24","10.64","348.3200000000001"
"700","Соус 1000 островов","2.23","40.25","8.18","403.89"
"701","Соус Апельсиновый п/ф","4.39","0","82.05","345.76"
"702","Соус Барбекю","1.6","0.1","28.6","121.7"
"703","Соус Барбекю","3.67","0.02","14.35","72.26000000000001"
"704","Соус Белый шоколад","6.18","30.56","45.88","483.28"
"705","Соус Ворчестер","1.4","0.1","15.5","68.5"
"706","Соус Гомодаре (ореховый соус для салата Чука)","5.85","65.95","5.81","640.1900000000001"
"707","Соус Деми - Глясс сухой","6.6","24.1","40.8","406.5"
"708","Соус Карамельный п/ф","2.13","21.29","46.01","384.17"
"709","Соус Клубничный п/ф","1.18","0.59","29.18","126.75"
"710","Соус Клюквенный","0.15","0","35.81","143.84"
"711","Соус Красный","2.99","0.13","17.8","84.33"
"712","Соус Красный основной (№528 по СТН)","1.63","3.06","10.78","77.18000000000001"
"713","Соус Ницца","0.05","43.9","2.53","405.42"
"714","Соус Песто Фисташковый","8.300000000000001","46.36","3.43","464.16"
"715","Соус Песто из кедровых орешков","7.2","48.83","2.5","478.27"
"716","Соус Розовый","2.98","46.75","4.62","451.15"
"717","Соус Розовый с коньяком","2.19","44.71","7.52","441.23"
"718","Соус Рокфор","5.42","52.15","2.5","501.03"
"719","Соус Соевый с зеленью","9.17","0.05","7.54","67.29000000000001"
"720","Соус Спайси","2.12","62.6","4.22","588.76"
"721","Соус Сырный","8.109999999999999","55.59","2.05","540.95"
"722","Соус Терияки","4.82","0","25.16","119.92"
"723","Соус Устричный тайский","0.1","0","3","12.4"
"724","Соус Французский","5.32","54.77","2.69","524.97"
"725","Соус Цезарь","4.99","55.22","2.82","528.22"
"726","Соус Цезарь","5.32","54.77","2.69","524.97"
"727","Соус Цезарь Классик","6.06","69.53","0.38","651.53"
"728","Соус Чен Ли Сан п/ф","4.92","14.69","4.61","170.33"
"729","Соус Шашлычный","1.48","0.18","7.48","37.46"
"730","Соус Шашлычный белый","1.88","26.84","3.06","261.32"
"731","Соус Шоколадный п/ф","4.88","28.74","43.03","450.3"
"732","Соус бальзамический для декорирования","1.14","0","80.38","326.08"
"733","Соус белый чесночный","2.73","53.01","2.7","498.8099999999999"
"734","Соус для пиццы","0.39","7.45","5.3","89.81"
"735","Соус для хинкали п/ф","9.43","0","7.51","67.75999999999999"
"736","Соус земляника п/ф","0.98","0.14","23.72","100.06"
"737","Соус из смородины с вишней (к мясу, рыбе) п/ф","1.51","0.28","22.55","98.76000000000001"
"738","Соус из черной смородины","0.91","0.18","15.71","68.10000000000001"
"739","Соус карамельный","1.36","0","38.77","160.52"
"740","Соус орехово - чесночный","3.76","53.79","2.72","510.03"
"741","Соус сливочный с ароматом трюфеля п/ф","6.89","84.48","7.59","818.24"
"742","Соус сметанный","2.6","25","2.7","246.2"
"743","Соус сметанный с томатом","3.53","27.93","8.289999999999999","298.65"
"744","Соус соевый","10.3","0","8.199999999999999","74"
"745","Соус сырный Чеддер","8.109999999999999","55.59","2.05","540.95"
"746","Соус томатный к рыбе","2.44","5.06","12.71","106.14"
"747","Соус томатный острый","2.5","0","21.8","97.2"
"748","Спаржа","1.9","0.1","3.2","21.3"
"749","Специи Апельсиновый перец Santa Maria","10.2","9.4","28.4","239"
"750","Специи Ароматная смесь чили перцев Santa Maria","10","6.5","35","238.5"
"751","Специи Базилик сушеный","10.2","9.4","28.4","239"
"752","Специи Барбарис","10.2","9.4","28.4","239"
"753","Специи Ванилин","0","0","0","0"
"754","Специи Вегетта (приправа)","8.5","0.6","24.5","137.4"
"755","Специи Гарам Масала (Приправа)","15.6","15.1","45.2","379.1"
"756","Специи Гвоздика","10.2","9.4","28.4","239"
"757","Специи Дашида (мясная приправа)","10.2","9.4","28.4","239"
"758","Специи Зира","10.2","9.4","28.4","239"
"759","Специи Кардамон","10.2","9.4","28.4","239"
"760","Специи Карри (порошок)","9.5","10.8","26.1","239.6"
"761","Специи Копченая Паприка Santa Maria","10.2","9.4","28.4","239"
"762","Специи Кориандр","10.2","9.4","28.4","239"
"763","Специи Корица","3.9","3.2","0","44.4"
"764","Специи Куркума","10.2","9.4","28.4","239"
"765","Специи Лавровый лист","10.2","9.4","28.4","239"
"766","Специи Лесной сбор Santa Maria","13","3","53","291"
"767","Специи Лимонная приправа к рыбе Santa Maria","9","2.5","50","258.5"
"768","Специи Мускатный орех","5.8","36.3","0","349.9"
"769","Специи Мята сушеная","10.2","9.4","28.4","239"
"770","Специи Орегано","10.2","9.4","28.4","239"
"771","Специи Паприка","14.8","13","34.9","315.8"
"772","Специи Паста & Базилико Santa Maria","10.2","9.4","28.4","239"
"773","Специи Перец Кайенский","16","15","56","423"
"774","Специи Перец Розе","10.2","9.4","28.4","239"
"775","Специи Перец белый","10.4","2.1","0","60.5"
"776","Специи Перец душистый","10.2","9.4","28.4","239"
"777","Специи Перец зеленый","10.2","9.4","28.4","239"
"778","Специи Перец черный горошком","10.9","3.3","0","73.3"
"779","Специи Перец черный молотый","10.9","3.3","0","73.3"
"780","Специи Перец чили острый","12.3","16.8","0","200.4"
"781","Специи Приправа Фахита Santa Maria","10.2","9.4","28.4","239"
"782","Специи Приправа по-корейски","0","0","0","0"
"783","Специи Прованские травы","16","5","59","345"
"784","Специи Пять перцев Santa Maria","12","2.5","63","322.5"
"785","Специи Розмарин сушеный","4.9","15.2","46.4","342"
"786","Специи Смесь для гриля Santa Maria","8","3.1","25","159.9"
"787","Специи Смесь для плова","10.2","9.4","28.4","239"
"788","Специи Смесь для шашлыка","10.2","9.4","28.4","239"
"789","Специи Средиземноморские травы","13","7","58","347"
"790","Специи Сумах","10.2","9.4","28.4","239"
"791","Специи Тom Kha Santa Maria","10.2","9.4","28.4","239"
"792","Специи Тикка Массала Santa Maria","10.2","9.4","28.4","239"
"793","Специи Тимьян сушеный","9.1","7.4","45.3","284.2"
"794","Специи Тмин","19","23","40","443"
"795","Специи Укроп сушеный","10.2","9.4","28.4","239"
"796","Специи Усянь Мянь (Смесь)","10.2","9.4","28.4","239"
"797","Специи Фенхель семена","10.2","9.4","28.4","239"
"798","Специи Хмели - сунели","10.2","9.4","28.4","239"
"799","Специи Шалфей сушеный","10.6","12.7","42.7","327.5"
"800","Специи Эстрагон (Тархун) сушеный","10.2","9.4","28.4","239"
"801","Специи Ягоды можжевельника","10.2","9.4","28.4","239"
"802","Специи для засолки","0","0","0","0"
"803","Специи смесь для WOK Santa Maria (Смесь специй к куриным wok-блюдам)","10.2","9.4","28.4","239"
"804","Судак филе с кожей","18.4","1.1","0","83.5"
"805","Судак целый","18.4","1.1","0","83.5"
"806","Суджук","24.8","41.5","0","472.7"
"807","Сухари панировочные","13.2","2.3","58.2","306.3"
"808","Сухарики для салата ""Цезарь""","9.51","9","58.27","352.12"
"809","Сухарики из бородинского хлеба","9.59","7.33","57.39","333.89"
"810","Сухарики собственного производства (для салата)","10.04","3.67","61.17","317.87"
"811","Сухарики типа ""Кириешки""","9.220000000000001","8.460000000000001","56.47","338.9"
"812","Сушки простые","10.9","1.3","68","327.3"
"813","Сыворотка творожная","0.8","0.2","3.5","19"
"814","Сыр Бри","20.3","29.1","0","343.1"
"815","Сыр Буко (Buko)","6.2","26","1.6","265.2"
"816","Сыр Виола плавленный","7.5","31.3","0","311.7"
"817","Сыр Гауда","25.3","30.6","0","376.6"
"818","Сыр Голландский","23.7","30.5","0","369.3"
"819","Сыр Грана Падано","33","28","0","384"
"820","Сыр Джугас","36.2","29.7","0.9","415.7"
"821","Сыр Дор Блю","20","29","0","341"
"822","Сыр Дуо слоеный (с семгой, с орехами)","19","25","0.5","303"
"823","Сыр Камамбер","19","25","0.5","303"
"824","Сыр Карат плавленный","12","26.4","3.1","298"
"825","Сыр Козий Шевре (Твердый)","25.8","24","0","319.2"
"826","Сыр Козий мягкий","6","23","0","231"
"827","Сыр Костромской","25.2","26.3","0","337.5"
"828","Сыр Маасдам","23.7","30.5","0","369.3"
"829","Сыр Маскарпоне","2.8","40","2.6","381.6"
"830","Сыр Моцарелла рассольный","18.6","20.3","0","257.1"
"831","Сыр Моцарелла твердый","26","21.7","1","303.3"
"832","Сыр Мраморный","23","29","0","353"
"833","Сыр Пармезан (Пармеджано Реджано)","36.2","29.7","0.9","415.7"
"834","Сыр Плавленый Колбасный копченый","23","19","0","263"
"835","Сыр Плавленый Российский","22","27","0","331"
"836","Сыр Пошехонский","26","26.5","0","342.5"
"837","Сыр Рассольный Брынза из коровьего молока","17.9","20.1","0","252.5"
"838","Сыр Рассольный Сулугуни","19.5","22","0","276"
"839","Сыр Рассольный Сулугуни (блины)","19.5","22","0","276"
"840","Сыр Рассольный Сулугуни (нити)","19.5","22","0","276"
"841","Сыр Рассольный сулугуни копченый","19.5","22","0","276"
"842","Сыр Рикота","7.6","3.6","13.3","116"
"843","Сыр Рокфор","20","28","0","332"
"844","Сыр Российский","23","29","0","353"
"845","Сыр Тофу","7","3","2","63"
"846","Сыр Фета","15.6","20.2","1.5","250.2"
"847","Сыр Фетаки","10","17","8","225"
"848","Сыр Филадельфия","7.5","31.3","0","311.7"
"849","Сыр Чеддер","23.5","30.5","0","368.5"
"850","Сыр Эдам","26.7","26","0","340.8"
"851","Сыр Эмменталь","28.2","28","0","364.8"
"852","Сырки глазированные","8.5","27.8","32","412.2"
"853","Сырные Крокеты п/ф","20.84","25.08","2.87","320.5599999999999"
"854","Творог жирный","14","18","2.8","229.2"
"855","Творог нежирный","18","0.6","1.8","84.60000000000001"
"856","Творог полужирный","16.7","9","2","155.8"
"857","Телятина 1 категории","19.7","2","0","96.8"
"858","Тесто","8.470000000000001","10.62","60.47","371.34"
"859","Тесто  для чебуреков","7.67","0.82","51.33","243.38"
"860","Тесто  сдобное для сладкоежки","5.77","11.84","53.79","344.8"
"861","Тесто Пельменное № 1074","7.82","1.43","47.33","233.47"
"862","Тесто Темпура из смеси Tempura Butter Mix","2.39","0.1","38.24","163.42"
"863","Тесто Темпура п/ф","5.13","2.62","34.09","180.46"
"864","Тесто Фило","7.3","20.9","48.6","411.7"
"865","Тесто для блинчиков (оболочка)","5.25","2.54","23.03","135.98"
"866","Тесто для блинчиков (оболочка) п/ф для фарширования. (№ 3.6)","5.25","2.54","23.03","135.98"
"867","Тесто для булочек на сухом молоке п/ф","7.35","4.16","43.59","241.2"
"868","Тесто для вареников (№ 671 по СТН)","8.35","1.96","50.48","252.96"
"869","Тесто для жареных пирожков дрожжевое простое (по СТН)","6.44","2.31","45.53","228.67"
"870","Тесто для оладий","6.59","1.99","37.05","192.47"
"871","Тесто для пельменей №1  ","9","2.58","45.01","239.26"
"872","Тесто для пельменей №2","6.99","1.15","46.78","225.43"
"873","Тесто для печеных пирожков сдобное","7.73","7.16","48.78","290.48"
"874","Тесто для пиццы","7.31","7.78","43.89","274.82"
"875","Тесто для пиццы (1)","6.27","7.66","43.06","266.26"
"876","Тесто для пиццы (2)","6.75","3.56","43.64","233.6"
"877","Тесто для полоски","6.39","16.76","47.64","366.96"
"878","Тесто для пончиков","5.31","2.82","40.1","207.02"
"879","Тесто для слойки с мясом","4.86","19.58","32.28","324.78"
"880","Тесто дрожжевое сдобное","6.19","2.22","47.43","234.46"
"881","Тесто дрожжевое слоеное","3.98","32.14","30.02","425.26"
"882","Тесто на клецки п/ф","7.56","22.54","25.97","336.98"
"883","Тесто на струдель","7.21","12.76","48.23","336.6"
"884","Тесто песочное для корзиночки","6.36","25.25","35.95","396.49"
"885","Тесто слоеное","7.3","20.9","48.6","411.7"
"886","Тесто темпура (закладка на 1яйцо)","5.13","2.62","34.09","180.46"
"887","Толстолоб филе с/м","17.2","5.3","0","116.5"
"888","Толстолоб целый","17.2","5.3","0","116.5"
"889","Томат-паста","4.8","0","19","95.2"
"890","Томат-пюре","3.6","0","11.8","61.6"
"891","Томат-пюре Mutti Pizza Sauce Classic","1.3","0.3","6","31.9"
"892","Томатная сальса п/ф","0.98","5.98","3.4","71.34"
"893","Томаты сушеные п/ф","10.45","1.8","37.62","208.48"
"894","Топпинг (сироп) ванильный","2.8","1.3","64.2","279.7"
"895","Топпинг (сироп) карамельный","1.3","0.5","72.40000000000001","299.3"
"896","Топпинг (сироп) клубничный","0","0","65","260"
"897","Топпинг (сироп) кофейный","0.3","2","66.40000000000001","284.8"
"898","Топпинг (сироп) лесные ягоды","0.2","0.1","60.1","242.1"
"899","Топпинг (сироп) персиковый","0","0","65","260"
"900","Топпинг (сироп) шоколадный","3.5","2.1","63.3","286.1"
"901","Торт со взбитыми сливками без фруктов, замороженный","3.8","19.7","47.4","382.1"
"902","Торт со взбитыми сливками с фруктами, замороженный","2.7","13.2","42.2","298.4"
"903","Торты пром. производства с отделками на основе взбитых сливок","3.8","19.7","47.4","382.1"
"904","Треска филе","18.4","1.1","0","83.5"
"905","Тунец консервированный в с/с","22.5","0.7","0","96.3"
"906","Тунец стружка Бонито","74.3","3.2","4.2","342.8"
"907","Тунец филе","24.4","4.3","0","136.3"
"908","Тыква","1","0.1","4.2","21.7"
"909","Тыква Самария","1.14","0.11","5.06","25.79"
"910","Тыквы семена","20.7","52.9","3.4","572.5"
"911","Угорь","14.5","30.5","0","332.5"
"912","Угорь жареный в соусе унаги (Китай)","13","11","16","215"
"913","Украшения сахарные","0","1","96","393"
"914","Уксус 3%","0","0","0","0"
"915","Уксус 9%","0","0","0","0"
"916","Уксус бальзамический белый","0.5","0","20.9","85.59999999999999"
"917","Уксус бальзамический темный","0.5","0","20.9","85.59999999999999"
"918","Уксусная эссенция 70%","0","0","0","0"
"919","Улучшитель для дрожжевого теста","4.4","5.5","32","195.1"
"920","Утиная грудка в специях","20.97","32.61","10.19","418.13"
"921","Утиная грудка в специях п/ф","20.97","32.61","10.19","418.13"
"922","Утка (тушка 1 категории)","15.8","38","0","405.2"
"923","Утка филе грудки","16","32","7","380"
"924","Фарш говяжий из гуляша","20.3","2.6","0","104.6"
"925","Фарш грибной (№3.76)","5.06","10.95","4.66","137.43"
"926","Фарш для беляшей","10.72","8.640000000000001","3.15","133.24"
"927","Фарш для блинчиков с мясом","16.94","13.99","3.64","208.23"
"928","Фарш для котлет","11.46","8.73","8.24","157.37"
"929","Фарш для расстегая","17.89","4.92","0.73","118.76"
"930","Фарш для слойки с горбуши","13.44","15.98","2.21","206.42"
"931","Фарш для слойки с мясом","9.17","7.12","4.75","119.76"
"932","Фарш для чебуреков","9.31","7.49","2.76","115.69"
"933","Фарш для шанежки с  мясом и сыром","8.68","24.85","5.12","278.85"
"934","Фарш жареный (для зраз)","17.78","16.51","4.42","237.39"
"935","Фарш из вареного сгущенного молока и орехов (№ 3.44)","9.25","12.17","51.32","351.81"
"936","Фарш из ветчины (№ 3.82)","17.6","6.2","0","126.2"
"937","Фарш из курицы с грибами (№ 3.83)","16.71","10.03","1.5","163.11"
"938","Фарш из печени (№ 3.70)","13.7","2.09","5.7","96.41"
"939","Фарш из сердца с грибами (№ 3.73)","14.52","3.1","2.9","97.58"
"940","Фарш из сыра и ветчины (№3.52)","20.04","15.92","0","223.44"
"941","Фарш из сыра и яйца (№ 3.51)","18.78","19.07","0.3","247.95"
"942","Фарш из творога и сгущенки (№ 3.92)","13.85","8.85","18.2","207.85"
"943","Фарш из творога и чернослива (№ 3.91)","15.26","8.1","7.64","164.5"
"944","Фарш из творога с курагой (№ 3.50)","14.81","7.71","11.7","175.43"
"945","Фарш капустный","2.03","11.61","6.53","138.73"
"946","Фарш картофельный","1.72","3.85","12.78","92.65000000000001"
"947","Фарш картофельный для шанежки","1.77","7.42","11.51","119.9"
"948","Фарш картофельный с луком (№ 723 по СТН)","1.98","4.23","15.06","106.23"
"949","Фарш куриный из окорочков","21.3","11","0.1","184.6"
"950","Фарш мясной (№ 3.26)","22.54","7.21","1.82","162.33"
"951","Фарш мясной с грибами (№ 3.62)","21.1","8.51","1.6","167.39"
"952","Фарш мясной с капустой (№ 3.60)","7.36","7.09","6.75","120.25"
"953","Фарш мясной с рисом (№ 3.61)","18.27","7.89","5.78","167.21"
"954","Фарш ореховый","5","50.17","34.7","610.33"
"955","Фарш печень","19.72","11.38","0.75","184.3"
"956","Фарш печень с рисом","12.92","7.2","8.58","150.8"
"957","Фарш рыбный (из горбуши)","21","7","0","147"
"958","Фарш рыбный из рыб тресковых пород","11.29","4.59","0.27","87.55"
"959","Фарш с изюмом, медом и орехами (№ 3.94)","3.49","4.52","73.19","347.4"
"960","Фарш с рисом и яйцом (№ 3.54)","4.03","2.12","19.39","112.76"
"961","Фарш с сыром (№ 3.86)","23.7","30.5","0","369.3"
"962","Фарш с шоколадом и бананами (3.93)","2.28","7.14","27.32","182.66"
"963","Фарш свиноговяжий для котлет, брезолей","13.11","9.800000000000001","6.05","164.84"
"964","Фарш свиноговяжий п/ф с/м","12.51","28.38","7.22","334.34"
"965","Фарш творожный","14.06","10.95","12.95","206.59"
"966","Фарш творожный для слойки","13.92","7.5","18.3","196.38"
"967","Фарш яблочный","0.36","0.33","35.19","145.17"
"968","Фарш яйцо с рисом","5.71","9.31","6.78","133.75"
"969","Фасоль (стручок) свежая","3","0.3","3","26.7"
"970","Фасоль белая консервированная (бобы)","6.7","0","16.3","92"
"971","Фасоль бобы","21","2","46.6","288.4"
"972","Фасоль стручковая консервированная","1.2","0.1","2.5","15.7"
"973","Фасоль стручковая маринованная","3","0.3","3","26.7"
"974","Фенхель свежий","0.9","0.2","1.8","12.6"
"975","Физалис","1","0.2","7.3","35"
"976","Финики сушеные","3.3","0.2","68","287"
"977","Форель радужная с/м","20.2","11","0","179.8"
"978","Фрикадельки п/ф","14.84","12.59","1.43","178.39"
"979","Фуа - гра (печень) утиная с/м","6","56","6","552"
"980","Хариус тушка","17.5","2","0","88"
"981","Хинкали п/ф","11.71","9.93","18.42","209.89"
"982","Хлеб бородинский","6.8","1.3","40.7","201.7"
"983","Хлеб для сэндвича пшеничный","6.7","4.5","46.5","253.3"
"984","Хлеб для сэндвича ржаной","6.8","1.3","40.7","201.7"
"985","Хлеб луковый","6.89","4.89","47.16","260.21"
"986","Хлеб пшеничный","6.92","5.04","47.57","263.32"
"987","Хлеб пшеничный формовой","8.199999999999999","1.4","36.1","189.8"
"988","Хлеб с паприкой и оливками","7.12","6.48","45.37","268.28"
"989","Хлебные палочки (комплимент)","8.42","10.53","50.49","330.41"
"990","Хлебцы ржаные","9.4","0.6","70.59999999999999","325.4"
"991","Хрен готовый","3.3","26.2","9","285"
"992","Хрен корень","2.5","0.4","7.6","44"
"993","Хурма","0.5","0","13.2","54.8"
"994","Цикорий сырой","0.5","0.6","2.8","18.6"
"995","Цукаты","3","0","54.5","230"
"996","Чай Ройбуш фруктовый","20","5.1","4","141.9"
"997","Чай черный байховый","20","5.1","4","141.9"
"998","Черева (оболочка для колбасок) обработанная (в соли)","45","3","0","207"
"999","Черемша","2.4","0.1","6.1","34.9"
"1000","Черешня","1.1","0.4","10.6","50.4"
"1001","Черника","1.1","0.6","8","41.8"
"1002","Чернослив без косточек","2.3","0","58.4","242.8"
"1003","Чеснок","6.5","0","5.2","46.8"
"1004","Чеснок маринованный","6.5","0","5.2","46.8"
"1005","Чеснок стрелки","6.5","0","5.2","46.8"
"1006","Чечевица","24","1.5","42.7","280.3"
"1007","Чиабатта Биг Сэндвич 175*190 мм","9","4.5","52","284.5"
"1008","Чиабатта лепешка","10.2","3.9","52","283.9"
"1009","Чизкейк Нью Йорк п/ф","7.37","29.54","33.83","430.66"
"1010","Чизкейк замороженный","4","16.2","35.2","302.6"
"1011","Чизкейк малиновый","6.3","23","25.4","333.8"
"1012","Чизкейк шоколадный","6.3","23","25.4","333.8"
"1013","Чизкейк шоколадный п/ф","7.24","32.85","35.83","467.9300000000001"
"1014","Чипсы картофельные","4.1","36","49","536.4"
"1015","Чипсы кукурузные","7.6","22.6","60.1","474.2"
"1016","Шелковица (плоды)","0.7","0","12","50.8"
"1017","Шоколад без добавлений","5.4","35.3","52.6","549.7"
"1018","Шоколад белый","6.9","35.7","52.4","558.5"
"1019","Шоколад молочный","6.9","35.7","52.4","558.5"
"1020","Шоколад с целым и дробленым орехом","6.6","40.9","48","586.5"
"1021","Шоколадный напиток растворимый Cioko-Vero","4.7","3.6","76.8","358.4"
"1022","Шпик свиной","1.4","95.8","0","867.8"
"1023","Шпик свиной соленый","1.4","90","0","815.6"
"1024","Шпикачки","9.199999999999999","36.1","0","361.7"
"1025","Шпинат","2.9","0.3","2","22.3"
"1026","Шпроты","17.4","32.4","0.4","362.8"
"1027","Щавель","1.5","0","3","18"
"1028","Щука","18.4","1.1","0","83.5"
"1029","Эклер п/ф (Заварной п/ф)","10.02","19.19","21.76","299.83"
"1030","Экстракт жидкого дыма","0","0","0","0"
"1031","Яблоки","0.4","0.4","9.800000000000001","44.40000000000001"
"1032","Яблоки моченые","0.4","0.4","9.800000000000001","44.40000000000001"
"1033","Язык Говяжий","16","12.1","0","172.9"
"1034","Язык говяжий отварной п/ф","20.49","12.44","0","193.92"
"1035","Язык свиной","15.9","16","0","207.6"
"1036","Яичный порошок","46","37.3","4.5","537.7"
"1037","Яйца куриные","12.7","11.5","0.7","157.1"
"1038","Яйца куриные (белок)","9","0","0","36"
"1039","Яйца куриные (желток)","16.1","30.5","0","338.9"
"1040","Яйца перепелиные","11.9","13.1","0.6","167.9"
"1041","Яйца перепелиные маринованные","12","13","0","165"
"1042","Яйца перепелиные маринованные п/ф","11.9","10.92","0.67","148.56"
